File Name,sample_id,tissue,approach,replicate_n,evowell,lcms_id,Precursors.Identified,Proteins.Identified
Bluto_20251020_JoN_P37E24_991_Cancer_cnDVP_1_S3-A7_1_14821.d,991,Cancer,cnDVP,1,S3-A7,14821,25381,4213
Bluto_20251020_JoN_P37E35_991_Cancer_cnDVP_5_S3-B6_1_14823.d,991,Cancer,cnDVP,5,S3-B6,14823,22837,3744
Bluto_20251020_JoN_P37E45_991_Cancer_cnDVP_3_S3-C6_1_14825.d,991,Cancer,cnDVP,3,S3-C6,14825,24651,4049
Bluto_20251020_JoN_P37E56_991_Cancer_cnDVP_4_S3-D9_1_14827.d,991,Cancer,cnDVP,4,S3-D9,14827,23421,3819
Bluto_20251024_JoN_P37E01_992_Cancer_cnDVP_02_S6-H10_1_14849.d,992,Cancer,cnDVP,2,S6-H10,14849,32643,4880
Bluto_20251027_JoN_P37E01_991_Immune_cnDVP_02_S4-D7_1_14957.d,991,Immune,cnDVP,2,S4-D7,14957,17522,3311
Bluto_20251027_JoN_P37E01_991_Immune_cnDVP_03_S4-C2_1_14961.d,991,Immune,cnDVP,3,S4-C2,14961,24409,4098
Bluto_20251027_JoN_P37E01_991_Immune_cnDVP_04_S4-E9_1_14965.d,991,Immune,cnDVP,4,S4-E9,14965,18650,3455
Bluto_20251027_JoN_P37E01_991_Immune_cnDVP_05_S4-G6_1_14969.d,991,Immune,cnDVP,5,S4-G6,14969,27007,4410
Bluto_20251027_JoN_P37E01_991_Immune_cnDVP_06_S4-B4_1_14971.d,991,Immune,cnDVP,6,S4-B4,14971,16515,3106
Bluto_20251027_JoN_P37E01_992_Cancer_cnDVP_06_S4-B6_1_14949.d,992,Cancer,cnDVP,6,S4-B6,14949,15035,3230
Bluto_20251027_JoN_P37E01_992_Cancer_cnDVP_07_S4-B7_1_14950.d,992,Cancer,cnDVP,7,S4-B7,14950,26834,4531
Bluto_20251027_JoN_P37E01_992_Cancer_cnDVP_08_S4-B8_1_14951.d,992,Cancer,cnDVP,8,S4-B8,14951,26985,4503
Bluto_20251027_JoN_P37E01_992_Cancer_cnDVP_09_S4-B9_1_14952.d,992,Cancer,cnDVP,9,S4-B9,14952,27306,4455
Bluto_20251027_JoN_P37E01_992_Immune_cnDVP_01_S4-D5_1_14953.d,992,Immune,cnDVP,1,S4-D5,14953,14126,2601
Bluto_20251027_JoN_P37E01_992_Immune_cnDVP_02_S4-E11_1_14959.d,992,Immune,cnDVP,2,S4-E11,14959,11233,2207
Bluto_20251027_JoN_P37E01_992_Immune_cnDVP_03_S4-D2_1_14963.d,992,Immune,cnDVP,3,S4-D2,14963,16338,3133
Bluto_20251027_JoN_P37E01_992_Immune_cnDVP_04_S4-G4_1_14966.d,992,Immune,cnDVP,4,S4-G4,14966,16160,3125
Bluto_20251027_JoN_P37E01_992_Immune_cnDVP_05_S4-G2_1_14967.d,992,Immune,cnDVP,5,S4-G2,14967,21508,3850
Bluto_20251027_JoN_P37E01_992_Immune_cnDVP_06_S4-B5_1_14972.d,992,Immune,cnDVP,6,S4-B5,14972,26256,4193
